{
    "exports": [
        {
            "path": "tsasm:///string_lists/eip_boku_otp_service_url",
            "data": {
                "metadata": {
                    "created": 1644445746513,
                    "type": "string_list",
                    "updated": 1644534044284
                },
                "values": [
                    "pte=https://wso2apigw-eip-uat2.apps.opn-eip-aws-uat1-west.unionbank.com/enterprise/onetimepasscodemanagement/v1/1.0.0/iam",
                    "sandbox=https://wso2apigw-eip-dev1.opn-apps-aws-lle1.unionbank.com/enterprise/onetimepasscodemanagement/v1/1.0.0/iam",
                    "prod=???",
                    "sit=https://wso2apigw-eip-uat2.apps.opn-eip-aws-uat1-west.unionbank.com/enterprise/onetimepasscodemanagement/v1/1.0.0/iam",
                    "dut=https://wso2apigw-eip-dev1.opn-apps-aws-lle1.unionbank.com/enterprise/onetimepasscodemanagement/v1/1.0.0/iam"
                ],
                "id": "eip_boku_otp_service_url"
            },
            "category": "string_list",
            "type": "dependency",
            "constraints": [
                {
                    "server_version": "6.1.3",
                    "type": "server_version"
                }
            ],
            "dependencies": []
        }
    ]
}