{
    "exports": [
        {
            "path": "tsasm:///string_lists/mae_lambda_api",
            "data": {
                "metadata": {
                    "created": 1642802206770,
                    "type": "string_list",
                    "updated": 1642802206770
                },
                "values": [
                    "sit=https://api-sit.mae.unionbank.com",
                    "pte=https://api-pte.mae.unionbank.com",
                    "sandbox=https://api-dev.mae.unionbank.com",
                    "prod=https://api.mae.unionbank.com",
                    "dut=https://api-dut.mae.unionbank.com"
                ],
                "id": "mae_lambda_api"
            },
            "category": "string_list",
            "type": "dependency",
            "constraints": [
                {
                    "server_version": "6.1.3",
                    "type": "server_version"
                }
            ],
            "dependencies": []
        }
    ]
}