{
    "exports": [
        {
            "path": "tsasm:///string_lists/mae_shape_api_path",
            "data": {
                "metadata": {
                    "created": 1652824787902,
                    "type": "string_list",
                    "updated": 1652824787902
                },
                "values": [
                    "web=/secure/login",
                    "mobile_commercial=/exp/auth/post-auth-info",
                    "mobile_consumer=/m-api/http/sec/auth/post-login-v3"
                ],
                "id": "mae_shape_api_path"
            },
            "category": "string_list",
            "type": "dependency",
            "constraints": [
                {
                    "server_version": "6.1.3",
                    "type": "server_version"
                }
            ],
            "dependencies": []
        }
    ]
}