{
    "exports": [
        {
            "path": "tsasm:///string_lists/mae_max_token_attempts",
            "data": {
                "metadata": {
                    "created": 1651076440865,
                    "type": "string_list",
                    "updated": 1651096830436
                },
                "values": [
                    "sandbox=3",
                    "dut=5",
                    "sit=5",
                    "pte=5"
                ],
                "id": "mae_max_token_attempts"
            },
            "category": "string_list",
            "type": "dependency",
            "constraints": [
                {
                    "server_version": "6.1.3",
                    "type": "server_version"
                }
            ],
            "dependencies": []
        }
    ]
}