{
    "exports": [
        {
            "path": "tsasm:///string_lists/mae_raa_client_defined_credential_type_mapping",
            "data": {
                "metadata": {
                    "created": 1649356459870,
                    "type": "string_list",
                    "updated": 1649356459870
                },
                "values": [
                    "EXTERNAL_METHOD2=TKN"
                ],
                "id": "mae_raa_client_defined_credential_type_mapping"
            },
            "category": "string_list",
            "type": "dependency",
            "constraints": [
                {
                    "server_version": "6.1.3",
                    "type": "server_version"
                }
            ],
            "dependencies": []
        }
    ]
}