{
    "exports": [
        {
            "path": "tsasm:///string_lists/mae_hrt_code_map",
            "data": {
                "metadata": {
                    "created": 1637610567005,
                    "type": "string_list",
                    "updated": 1655243919459
                },
                "values": [
                    "1209|event_description=Wire Delete Transfer",
                    "1104|event_description=ACH Approve Payment",
                    "632|event_description=IBB Add Non Merchant Payee",
                    "501|event_description=BAH De-activate or Close Card",
                    "1213|event_description=Wire Online Batch Create",
                    "57|event_description=SSO SB Logon Token",
                    "83|event_description=Send Password Hint",
                    "13|event_description=SSO Setup EBA Alert",
                    "132|client_defined_event_type=BAH_ADD_NON_MERCHANT_PAYEE",
                    "303|event_description=BAH View Full Account Numbers",
                    "110|event_type=ADD_PAYEE",
                    "5|event_type=CHANGE_EMAIL",
                    "14|client_defined_event_type=SSO_ACH",
                    "802|event_type=VIEW_STATEMENT",
                    "44|event_description=SSO Wires Pending Approval Z4",
                    "606|client_defined_event_type=IBB_FIRST_INTERBANK",
                    "610|event_type=ADD_PAYEE",
                    "504|event_type=ACTIVATE_CARD",
                    "54|client_defined_event_type=SSO_CHANGE_EMAIL",
                    "751|event_type=CLIENT_DEFINED",
                    "22|client_defined_event_type=SSO_CLOSE_ACCOUNTS",
                    "8|event_type=CLIENT_DEFINED",
                    "1107|event_type=CLIENT_DEFINED",
                    "3|client_defined_event_type=SSO_CHANGE_CONTACT",
                    "611|client_defined_event_type=IBB_ADDITIONAL_INTRABANK",
                    "16|event_type=CLIENT_DEFINED",
                    "1002|client_defined_event_type=IBB_REPLACE_DAMAGED_CARD",
                    "72|event_description=Mobile Token Provisioning Monitor",
                    "801|client_defined_event_type=IBB_VIEW_CHECK_IMAGES",
                    "51|client_defined_event_type=SSO_FORCED_REQUEST_CHANGE_PHONE",
                    "303|event_type=USER_DETAILS",
                    "115|event_description=BAH Estab 1st Interbank-owned Trnsfr (OIT) Acct",
                    "80|event_type=CLIENT_DEFINED",
                    "56|event_description=SSO Corporate Logon Token",
                    "68|event_type=CLIENT_DEFINED",
                    "502|client_defined_event_type=BAH_REPLACE_DAMAGED_CARD",
                    "56|client_defined_event_type=SSO_CORPORATE_LOGON_TOKEN",
                    "201|event_type=CHANGE_ADDRESS",
                    "118|event_type=PAYMENT",
                    "67|client_defined_event_type=SSO_BOB_ACCESS",
                    "131|client_defined_event_type=BAH_ADDITIONAL_NON_MERCHANT_SETUP",
                    "107|event_type=ADD_PAYEE",
                    "1|event_description=SSO Change Password- Forced by system",
                    "5000|event_description=OBC Token Authentication",
                    "309|client_defined_event_type=BAH_MAINTAIN_OOB_PHONE",
                    "103|event_description=BAH Edit Non-Merchant Payee Setup",
                    "1201|event_type=CLIENT_DEFINED",
                    "1216|event_type=CLIENT_DEFINED",
                    "631|event_type=CLIENT_DEFINED",
                    "1104|client_defined_event_type=ACH_APPROVE_PAYMENT",
                    "48|client_defined_event_type=SSO_SELECT_CHALLENGE_QUESTIONS",
                    "503|event_type=ACTIVATE_CARD",
                    "71|event_type=CLIENT_DEFINED",
                    "1108|client_defined_event_type=ACH_EDIT_SINGLE_TRANSACTION",
                    "80|event_description=Forgot Password - Consumer",
                    "1214|client_defined_event_type=WIRE_ONLINE_BATCH_EDIT",
                    "1104|event_type=PAYMENT",
                    "44|event_type=CLIENT_DEFINED",
                    "40|client_defined_event_type=SSO_WIRE_IMPORT",
                    "1004|event_description=IBB Re-activate Card",
                    "702|event_type=CHANGE_ADDRESS",
                    "8|client_defined_event_type=FORGOT_PASSWORD",
                    "205|event_type=CHANGE_PASSWORD",
                    "906|client_defined_event_type=IBB_SUBMIT_WIRE",
                    "309|event_type=CLIENT_DEFINED",
                    "1103|client_defined_event_type=ACH_CREATE_PAYMENT",
                    "47|event_description=SSO Maintain OOB Phone",
                    "135|client_defined_event_type=BAH_ZELLE_LAUNCH",
                    "754|event_description=IBB Re-activate Card",
                    "118|event_description=BAH Edit Interbank-owned (OIT) Transfer Info",
                    "613|event_description=IBB Edit non-owned Intrabank Transfer information",
                    "202|event_description=BAH International Mail Address/Phone #",
                    "632|client_defined_event_type=IBB_ADD_NON_MERCHANT_PAYEE",
                    "116|client_defined_event_type=BAH_ADDITIONAL_INTERBANK_OIT",
                    "81|client_defined_event_type=FORGOT_USER_ID_CONSUMER_NOPIN",
                    "104|event_description=BAH Schedule Payment to non-merchant payee",
                    "501|client_defined_event_type=BAH_DEACTIVATE_CARD",
                    "204|client_defined_event_type=BAH_CHANGE_LOGON_ID",
                    "70|event_description=UserID Change",
                    "1202|event_type=CLIENT_DEFINED",
                    "83|client_defined_event_type=SEND_PW_HINT",
                    "11|event_type=SESSION_SIGNIN",
                    "24|event_type=CLIENT_DEFINED",
                    "612|client_defined_event_type=IBB_INTRABANK_TRANSFER",
                    "46|client_defined_event_type=SSO_ENROLL_OOB_PHONE",
                    "703|event_description=IBB Contact Information- email",
                    "608|event_type=PAYMENT",
                    "1001|client_defined_event_type=IBB_DEACTIVATE_CARD",
                    "119|event_description=BAH P2P First Payment",
                    "30|event_description=SSO Loans on the Web",
                    "31|client_defined_event_type=SSO_LOCKBOX",
                    "1208|client_defined_event_type=WIRE_FINAL_APPROVAL",
                    "133|event_description=Display full account numbers for Billpay accounts",
                    "106|client_defined_event_type=BAH_FIRST_INTERBANK",
                    "615|client_defined_event_type=IBB_FIRST_INTERBANK_OIT",
                    "801|event_type=VIEW_CHECK",
                    "307|event_description=BAH Submit Wire First",
                    "602|event_type=ADD_PAYEE",
                    "703|client_defined_event_type=IBB_CHANGE_EMAIL",
                    "57|client_defined_event_type=SSO_SMALL_BUSINESS_LOGON_TOKEN",
                    "38|event_type=CLIENT_DEFINED",
                    "29|event_type=CLIENT_DEFINED",
                    "1212|client_defined_event_type=WIRE_IMPORT_DELETE",
                    "603|event_description=IBB Edit Non-Merchant Payee Set up",
                    "705|event_description=IBB Change Password",
                    "1206|event_type=CLIENT_DEFINED",
                    "79|event_description=Mobile Token Provisioning for User w/o Active Token",
                    "1201|event_description=Wire Create Transfer",
                    "113|event_type=PAYMENT",
                    "1001|event_description=IBB De-activate or Close Card",
                    "108|client_defined_event_type=BAH_SCHEDULE_INTERBANK",
                    "752|client_defined_event_type=IBB_REPLACE_DAMAGED_CARD",
                    "908|event_type=CLIENT_DEFINED",
                    "26|event_type=CLIENT_DEFINED",
                    "702|client_defined_event_type=IBB_CHANGE_ADDRESS_I",
                    "1212|event_description=Wire Import Delete",
                    "130|event_type=CLIENT_DEFINED",
                    "5|client_defined_event_type=SSO_CHANGE_EMAIL_FORCED",
                    "50|client_defined_event_type=SSO_CHANGE_PHONE_NUMBER",
                    "41|event_type=CLIENT_DEFINED",
                    "19|event_description=SSO Account Transfer",
                    "21|client_defined_event_type=SSO_BUSINESS_STATEMENTS",
                    "1206|event_description=Wire Approve Wire Template",
                    "101|event_description=BAH Establish First non-merchant Payee Setup",
                    "210|event_type=CLIENT_DEFINED",
                    "907|client_defined_event_type=IBB_SUBMIT_WIRE_FIRST",
                    "63|client_defined_event_type=SSO_FX_FOREIGN_EXCHANGE_PORTAL",
                    "52|event_type=CHANGE_PHONE",
                    "1216|event_description=Wire Online Batch Delete",
                    "1004|client_defined_event_type=IBB_REACTIVATE_CARD",
                    "1108|event_type=CLIENT_DEFINED",
                    "84|event_description=Mobile Touch ID",
                    "11|client_defined_event_type=LOGIN",
                    "204|event_type=CHANGE_LOGIN_ID",
                    "54|event_type=CHANGE_EMAIL",
                    "5000|client_defined_event_type=SEM_Token_Admin_1",
                    "8|event_description=Consumer Forgot Password",
                    "618|event_type=PAYMENT",
                    "209|client_defined_event_type=BAH_VIEW_CONTACT_INFORMATION",
                    "311|event_type=CLIENT_DEFINED",
                    "1003|event_description=IBB Activate new card",
                    "41|event_description=SSO Wires & Internal Transfers",
                    "5|event_description=SSO Change email- Forced by system",
                    "17|event_description=SSO Remote capture service",
                    "1210|event_description=Wire Import Upload Batch",
                    "201|event_description=BAH US Mail Address/ Phone #",
                    "19|client_defined_event_type=SSO_ACCOUNT_TRANSFER",
                    "801|event_description=IBB View Check Images",
                    "302|event_description=BAH View eStatement",
                    "304|event_type=CHANGE_ALERT_SETTINGS",
                    "78|event_description=Mobile Token Provisioning for User w/Active Token",
                    "105|event_type=PAYMENT",
                    "601|event_type=ADD_PAYEE",
                    "3|event_type=USER_DETAILS",
                    "614|event_description=IBB Download Account Detail",
                    "29|client_defined_event_type=SSO_INTERNET_BUSINESS_BANKING",
                    "133|client_defined_event_type=BILLPAY_VIEW_ACCOUNT_NUMBER",
                    "24|event_description=SSO FX Pricing",
                    "405|client_defined_event_type=BAH_SUBMIT_INTERNATIONAL_WIRE_TOKEN",
                    "32|client_defined_event_type=SSO_ONLINE_BANKING",
                    "56|event_type=SESSION_SIGNIN",
                    "57|event_type=SESSION_SIGNIN",
                    "33|event_type=CLIENT_DEFINED",
                    "83|event_type=CLIENT_DEFINED",
                    "504|client_defined_event_type=BAH_REACTIVATE_CARD",
                    "19|event_type=CLIENT_DEFINED",
                    "605|event_type=PAYMENT",
                    "1209|event_type=CLIENT_DEFINED",
                    "37|event_type=CLIENT_DEFINED",
                    "911|client_defined_event_type=IBB_REGISTER_OOB_PHONE",
                    "207|client_defined_event_type=BAH_VIEW_EMAIL",
                    "26|client_defined_event_type=SSO_IMAGE_ON_DEMAND",
                    "751|event_description=IBB De-activate or Close Card",
                    "119|client_defined_event_type=BAH_P2P_FIRST_PAYMENT",
                    "613|event_type=PAYMENT",
                    "301|event_type=VIEW_CHECK",
                    "134|event_type=VIEW_STATEMENT",
                    "14|event_description=SSO ACH Service",
                    "104|client_defined_event_type=BAH_SCHEDULE_NONMERCHANT",
                    "1101|client_defined_event_type=ACH_CREATE_REPETITIVE_TEMPLATE",
                    "7|event_description=Consumer Unlock User Id",
                    "604|event_type=PAYMENT",
                    "64|client_defined_event_type=SSO_AEX_ACH",
                    "1|client_defined_event_type=SSO_CHANGE_PASSWORD_FORCED",
                    "105|event_description=BAH Edit Pending payment to non-merchant payee",
                    "14|event_type=CLIENT_DEFINED",
                    "405|event_description=BAH Submit International Wire Token",
                    "59|event_type=CLIENT_DEFINED",
                    "201|client_defined_event_type=BAH_CHANGE_ADDRESS_US",
                    "1203|event_description=Wire Approve Transfer",
                    "13|event_type=CHANGE_ALERT_SETTINGS",
                    "901|client_defined_event_type=IBB_ADMIN_CONSOLE",
                    "614|client_defined_event_type=IBB_DOWNLOAD_ACCOUNT_DETAIL",
                    "84|event_type=CLIENT_DEFINED",
                    "11|event_description=Login",
                    "114|client_defined_event_type=BAH_DOWNLOAD_ACCOUNT_DETAIL",
                    "82|event_type=CLIENT_DEFINED",
                    "34|client_defined_event_type=SSO_PAYABLE_SERVICES",
                    "102|client_defined_event_type=BAH_ADDITIONAL_NONMERCHANT",
                    "603|event_type=EDIT_PAYEE",
                    "302|client_defined_event_type=BAH_VIEW_ESTATEMENT",
                    "607|event_description=IBB Establish Additional Interbank Transfer Acct",
                    "701|event_type=CHANGE_ADDRESS",
                    "632|event_type=ADD_PAYEE",
                    "69|event_type=CLIENT_DEFINED",
                    "702|event_description=IBB International Mail Address/Phone #",
                    "39|event_description=SSO Web Return Items",
                    "109|event_type=PAYMENT",
                    "308|event_type=CLIENT_DEFINED",
                    "612|event_type=PAYMENT",
                    "310|event_type=CLIENT_DEFINED",
                    "1004|event_type=ACTIVATE_CARD",
                    "615|event_type=ADD_PAYEE",
                    "1204|event_type=CLIENT_DEFINED",
                    "630|event_description=IBB First Non Merchant Setup",
                    "754|event_type=ACTIVATE_CARD",
                    "47|client_defined_event_type=SSO_MAINTAIN_OOB_PHONE",
                    "1206|client_defined_event_type=WIRE_APPROVE_WIRE_TEMPLATE",
                    "1102|event_type=CLIENT_DEFINED",
                    "401|event_description=BAH Admin console",
                    "1214|event_type=CLIENT_DEFINED",
                    "36|event_description=SSO Receivables Lockbox",
                    "207|event_description=BAH View Email",
                    "51|event_type=CLIENT_DEFINED",
                    "25|event_type=CLIENT_DEFINED",
                    "61|event_type=CLIENT_DEFINED",
                    "304|event_description=BAH Setup EBA Alert",
                    "131|event_type=CLIENT_DEFINED",
                    "44|client_defined_event_type=SSO_WIRES_PENDING_APPROVAL_Z4",
                    "110|client_defined_event_type=BAH_FIRST_INTRABANK",
                    "704|client_defined_event_type=IBB_CHANGE_LOGON_ID",
                    "5001|event_description=SSO Invoke HRT Servlet",
                    "101|client_defined_event_type=BAH_FIRST_NONMERCHANT",
                    "302|event_type=VIEW_STATEMENT",
                    "1210|event_type=CLIENT_DEFINED",
                    "614|event_type=USER_DETAILS",
                    "21|event_type=CLIENT_DEFINED",
                    "13|client_defined_event_type=SSO_ALERTS",
                    "42|event_type=CLIENT_DEFINED",
                    "53|event_description=SSO Register OOB Phone",
                    "402|event_type=CLIENT_DEFINED",
                    "406|client_defined_event_type=BAH_SUBMIT_DOMESTIC_WIRE_TOKEN",
                    "54|event_description=SSO Change Email",
                    "68|event_description=Access to Check Manager",
                    "121|event_description=BAH P2P Additional Payment Tier1",
                    "1201|client_defined_event_type=WIRE_CREATE_TRANSFER",
                    "3|event_description=SSO Change Contact Info",
                    "607|client_defined_event_type=IBB_ADDITIONAL_INTERBANK",
                    "206|event_type=CLIENT_DEFINED",
                    "55|event_type=SESSION_SIGNIN",
                    "40|event_description=SSO Wire Import",
                    "15|client_defined_event_type=SSO_WIRES",
                    "9|client_defined_event_type=FORGOT_USER_ID",
                    "617|client_defined_event_type=IBB_SECEDULE_INTERBANK_OIT",
                    "307|client_defined_event_type=BAH_SUBMIT_WIRE_FIRST",
                    "1213|event_type=CLIENT_DEFINED",
                    "616|client_defined_event_type=IBB_ADDITIONAL_INTERBANK_OIT",
                    "102|event_description=BAH Establish Additional Non-Merchant Payee Setup",
                    "32|event_description=SSO Online Banking",
                    "1105|event_description=ACH Create Single Transaction",
                    "37|client_defined_event_type=SSO_STOP_PAYMENTS",
                    "130|event_description=BAH First Non Merchant Setup",
                    "1003|client_defined_event_type=IBB_NEW_CARD",
                    "6003|event_type=CLIENT_DEFINED",
                    "601|event_description=IBB Establish First non-merchant Payee Setup",
                    "108|event_type=PAYMENT",
                    "1217|event_type=CLIENT_DEFINED",
                    "1215|client_defined_event_type=WIRE_ONLINE_BATCH_SUBMIT",
                    "105|client_defined_event_type=BAH_EDIT_PENDING_NONMERCHANT",
                    "45|client_defined_event_type=SSO_SMALL_BUSINESS_SIGNIN",
                    "911|event_description=IBB Register OOB Phone",
                    "1205|client_defined_event_type=WIRE_EDIT_WIRE_TEMPLATE",
                    "59|client_defined_event_type=SSO_TOTAL_BILLER_SOLUTION",
                    "117|event_description=BAH Schedule Interbank-owned (OIT) Transfer Pymnt",
                    "1211|event_type=CLIENT_DEFINED",
                    "910|client_defined_event_type=IBB_ACCESS_TAX_DOCUMENTS",
                    "802|event_description=IBB View eStatement",
                    "55|event_description=SSO Consumer Logon Token",
                    "7|event_type=CLIENT_DEFINED",
                    "610|event_description=IBB Estab 1st non-owned Intrabank Transfer Acct",
                    "38|event_description=SSO Trust Clearwater Services",
                    "16|client_defined_event_type=SSO_FILE_TRANSMISSIONS",
                    "1108|event_description=ACH Edit Single Transaction",
                    "606|event_type=ADD_PAYEE",
                    "1102|event_description=ACH Modify Repetative Template",
                    "51|event_description=SSO Forced Request Change Phone",
                    "202|event_type=CHANGE_ADDRESS",
                    "70|event_type=CLIENT_DEFINED",
                    "28|event_description=SSO InstaTax",
                    "43|client_defined_event_type=SSO_TRUST_WEB_SERVICES",
                    "704|event_description=IBB Change User ID",
                    "63|event_type=CLIENT_DEFINED",
                    "1002|event_description=IBB Replace Damaged Card",
                    "1107|event_description=ACH Edit Payment",
                    "803|event_type=USER_DETAILS",
                    "203|event_description=BAH Contact Information- email",
                    "12|event_type=CLIENT_DEFINED",
                    "406|event_description=BAH Submit Domestic Wire Token",
                    "71|event_description=E-Lockbox Service",
                    "132|event_description=BAH Add Non Merchant Payee",
                    "30|client_defined_event_type=SSO_LOANS_ON_THE_WEB",
                    "604|event_description=IBB Schedule Payment to non-merchant payee",
                    "46|event_type=CLIENT_DEFINED",
                    "907|event_type=PAYMENT",
                    "45|event_description=SSO Small Business Sign In",
                    "50|event_description=SSO Change Phone Number",
                    "64|event_type=CLIENT_DEFINED",
                    "6|client_defined_event_type=SSO_ADMIN_CONSOLE",
                    "305|event_type=CLIENT_DEFINED",
                    "113|client_defined_event_type=BAH_EDIT_PENDING_INTRABANK",
                    "102|event_type=ADD_PAYEE",
                    "23|event_type=CLIENT_DEFINED",
                    "301|client_defined_event_type=BAH_VIEW_CHECK_IMAGES",
                    "120|client_defined_event_type=BAH_P2P_ADDITIONAL_PAYMENT",
                    "907|event_description=IBB Submit Wire First",
                    "60|client_defined_event_type=SSO_GLOBAL_LIQUIDITY",
                    "37|event_description=SSO Stop Payments",
                    "306|client_defined_event_type=BAH_SUBMIT_WIRE",
                    "2|event_type=CHANGE_PASSWORD",
                    "23|event_description=SSO ERS Remote Deposit Services",
                    "24|client_defined_event_type=SSO_FX_PRICING",
                    "48|event_description=SSO Select Challenge Questions",
                    "1210|client_defined_event_type=WIRE_IMPORT_UPLOAD_BATCH",
                    "1207|client_defined_event_type=WIRE_SUBMIT_BATCH_APPROVAL",
                    "31|event_description=SSO Lockbox",
                    "305|event_description=BAH Request Wire",
                    "39|event_type=CLIENT_DEFINED",
                    "1105|event_type=CLIENT_DEFINED",
                    "311|event_description=BAH Request First Wire",
                    "901|event_type=CLIENT_DEFINED",
                    "20|event_type=CLIENT_DEFINED",
                    "1|event_type=CHANGE_PASSWORD",
                    "78|event_type=CLIENT_DEFINED",
                    "43|event_description=SSO Trust Web Services",
                    "53|event_type=CLIENT_DEFINED",
                    "203|client_defined_event_type=BAH_CHANGE_EMAIL",
                    "67|event_description=Access to BOB",
                    "69|event_description=Access to Trade Manager",
                    "309|event_description=BAH Maintain OOB Phone",
                    "17|event_type=CLIENT_DEFINED",
                    "53|client_defined_event_type=SSO_REGISTER_OOB_PHONE",
                    "115|client_defined_event_type=BAH_FIRST_INTERBANK_OIT",
                    "84|client_defined_event_type=MOBILE_DIGITAL_FINGERPRINT",
                    "20|client_defined_event_type=SSO_BANKLINK_REMOTE_DEPOSIT",
                    "109|client_defined_event_type=BAH_EDIT_PENDING_INTERBANK",
                    "602|client_defined_event_type=IBB_ADDITIONAL_NONMERCHANT",
                    "603|client_defined_event_type=IBB_EDIT_NONMERCHANT",
                    "905|event_type=CLIENT_DEFINED",
                    "66|client_defined_event_type=SSO_REMIT_LOCKBOX",
                    "42|event_description=SSO All File Delivery",
                    "6003|event_description=OEUA Wires Workorder Approval",
                    "311|client_defined_event_type=BAH_REQUEST_FIRST_WIRE",
                    "121|client_defined_event_type=BAH_P2P_ADDITIONAL_PAYMENT_TIER1",
                    "55|client_defined_event_type=SSO_CONSUMER_LOGON_TOKEN",
                    "502|event_description=BAH Replace Damaged Card",
                    "608|event_description=IBB Schedule Interbank Transfer payment",
                    "25|event_description=SSO Global Trade Services",
                    "631|event_description=IBB Additional Non Merchant Setup",
                    "1106|client_defined_event_type=ACH_APPROVE_SINGLE_TRANSACTION",
                    "52|client_defined_event_type=SSO_FORCED_CHANGE_PHONE_NUMBER",
                    "630|event_type=CLIENT_DEFINED",
                    "50|event_type=CHANGE_PHONE",
                    "108|event_description=BAH Schedule Interbank Transfer payment",
                    "618|event_description=IBB Edit Interbank-owned-Transfer (OIT) Info",
                    "1217|client_defined_event_type=WIRE_DELETE_WIRE_TEMPLATE",
                    "111|client_defined_event_type=BAH_ADDITIONAL_INTRABANK",
                    "401|event_type=CLIENT_DEFINED",
                    "45|event_type=CLIENT_DEFINED",
                    "66|event_type=CLIENT_DEFINED",
                    "34|event_description=SSO Payable Services",
                    "1107|client_defined_event_type=ACH_EDIT_PAYMENT",
                    "752|event_description=IBB Replace Damaged Card",
                    "1106|event_type=CLIENT_DEFINED",
                    "1213|client_defined_event_type=WIRE_ONLINE_BATCH_CREATE",
                    "705|client_defined_event_type=IBB_CHANGE_PASSWORD",
                    "601|client_defined_event_type=IBB_FIRST_NONMERCHANT",
                    "1203|client_defined_event_type=WIRE_APPROVE_TRANSFER",
                    "112|client_defined_event_type=BAH_SCHEDULE_INTRABANK",
                    "80|client_defined_event_type=FORGOT_PASSWORD_CONSUMER_NOPIN",
                    "616|event_type=ADD_PAYEE",
                    "630|client_defined_event_type=IBB_FIRST_NON_MERCHANT_SETUP",
                    "701|client_defined_event_type=IBB_CHANGE_ADDRESS_US",
                    "303|client_defined_event_type=BAH_VIEW_FULL_ACCOUNT_NUMBER",
                    "34|event_type=CLIENT_DEFINED",
                    "134|client_defined_event_type=BAH_UCL_VIEW_STATEMENTS",
                    "27|event_type=CLIENT_DEFINED",
                    "908|client_defined_event_type=IBB_ENROLL_OOB_PHONE",
                    "132|event_type=ADD_PAYEE",
                    "616|event_description=IBB Estab Addtnl Interbank-owned-Trnsfr(OIT) Acct",
                    "609|event_description=IBB Edit Interbank Transfer information",
                    "1202|client_defined_event_type=WIRE_EDIT_TRANSFER",
                    "109|event_description=BAH Edit Interbank Transfer Information",
                    "901|event_description=IBB Admin console",
                    "118|client_defined_event_type=BAH_EDIT_PENDING_INTERBANK_OIT",
                    "1204|client_defined_event_type=WIRE_CREATE_WIRE_TEMPLATE",
                    "5000|event_type=CLIENT_DEFINED",
                    "909|event_description=IBB Maintain OBB Phone",
                    "48|event_type=CHANGE_LIFE_QUESTIONS",
                    "1001|event_type=CLIENT_DEFINED",
                    "36|event_type=CHANGE_ALERT_SETTINGS",
                    "1205|event_description=Wire Edit Wire Template",
                    "119|event_type=PAYMENT",
                    "301|event_description=BAH View Check Images",
                    "38|client_defined_event_type=SSO_TRUST_CLEARWATER_SERVICES",
                    "754|client_defined_event_type=IBB_REACTIVATE_CARD",
                    "82|event_description=Forgot UserID - IBB",
                    "605|client_defined_event_type=IBB_EDIT_PENDING_NONMERCHANT",
                    "64|event_description=SSO AEX ACH Access",
                    "35|event_description=SSO Positive Pay",
                    "107|client_defined_event_type=BAH_ADDITIONAL_INTERBANK",
                    "617|event_description=IBB Schedule Interbank-owned-Transfer (OIT) Pymnt",
                    "310|event_description=BAH Access Tax Documents",
                    "753|event_type=ACTIVATE_CARD",
                    "27|event_description=SSO Information Reporting",
                    "21|event_description=SSO Business Statements",
                    "209|event_type=CLIENT_DEFINED",
                    "405|event_type=CLIENT_DEFINED",
                    "22|event_type=CLIENT_DEFINED",
                    "43|event_type=CLIENT_DEFINED",
                    "904|client_defined_event_type=IBB_REQUEST_FIRST_WIRE",
                    "4|client_defined_event_type=SSO_CHANGE_CONTACT_FORCED",
                    "1212|event_type=CLIENT_DEFINED",
                    "205|client_defined_event_type=BAH_CHANGE_PASSWORD",
                    "112|event_type=PAYMENT",
                    "25|client_defined_event_type=SSO_GLOBAL_TRADE_SERVICES",
                    "308|event_description=BAH Enroll OOB Phone",
                    "306|event_description=BAH Submit Wire",
                    "71|client_defined_event_type=SSO_E_LOCKBOX",
                    "1209|client_defined_event_type=WIRE_DELETE_TRANSFER",
                    "16|event_description=SSO File Transmissions Service",
                    "79|client_defined_event_type=SSO_MOBILE_TOKEN_PROV_SCQ",
                    "7|client_defined_event_type=UNLOCK_USER_ID",
                    "78|client_defined_event_type=SSO_MOBILE_TOKEN_PROV_TOKEN",
                    "35|client_defined_event_type=SSO_POSITIVE_PAY",
                    "905|event_description=IBB Request Wire",
                    "4|event_description=SSO Change Contact Info- Forced by system",
                    "906|event_type=PAYMENT",
                    "1208|event_type=PAYMENT",
                    "205|event_description=BAH Change Password",
                    "18|event_description=SSO Global Treasury Service",
                    "208|event_description=BAH Change Phone",
                    "306|event_type=PAYMENT",
                    "15|event_description=SSO Web Cash Management Svcs",
                    "606|event_description=IBB Establish first Interbank Transfer account",
                    "1105|client_defined_event_type=ACH_CREATE_SINGLE_TRANSACTION",
                    "753|client_defined_event_type=IBB_NEW_CARD",
                    "60|event_type=CLIENT_DEFINED",
                    "208|client_defined_event_type=BAH_CHANGE_PHONE",
                    "49|event_description=SSO Request Change Phone",
                    "1208|event_description=Wire Final Approval",
                    "114|event_description=BAH Download Account Detail",
                    "30|event_type=CLIENT_DEFINED",
                    "120|event_description=BAH P2P Additional Payment",
                    "602|event_description=IBB Establish Additional Non-Merchant Payee Setup",
                    "751|client_defined_event_type=IBB_DEACTIVATE_CARD",
                    "1101|event_type=CLIENT_DEFINED",
                    "106|event_description=BAH Establish first Interbank Transfer account",
                    "28|event_type=CLIENT_DEFINED",
                    "15|event_type=CLIENT_DEFINED",
                    "10|event_type=CLIENT_DEFINED",
                    "502|event_type=REQUEST_NEW_CARD",
                    "49|event_type=CLIENT_DEFINED",
                    "704|event_type=CHANGE_LOGIN_ID",
                    "31|event_type=CLIENT_DEFINED",
                    "101|event_type=ADD_PAYEE",
                    "12|client_defined_event_type=SSO_CORPORATE_SIGNIN",
                    "67|event_type=CLIENT_DEFINED",
                    "111|event_description=BAH Estab addtnl non-owned Intrabnk Trnsfr Acct",
                    "617|event_type=PAYMENT",
                    "911|event_type=CLIENT_DEFINED",
                    "59|event_description=SSO Total Biller Solution",
                    "605|event_description=IBB Edit Pending payment to non-merchant payee",
                    "504|event_description=BAH Re-activate Card",
                    "906|event_description=IBB Submit Wire",
                    "10|event_description=OBC Reset Password",
                    "103|client_defined_event_type=BAH_EDIT_NONMERCHANT",
                    "41|client_defined_event_type=SSO_WIRES_INTERNAL_TRANSFERS",
                    "107|event_description=BAH Establish Additional Interbank Transfer accounts",
                    "501|event_type=CLIENT_DEFINED",
                    "115|event_type=ADD_PAYEE",
                    "803|event_description=IBB View Full Account Number",
                    "207|event_type=CLIENT_DEFINED",
                    "618|client_defined_event_type=IBB_ENDIT_PENDING_INTERBANK_OIT",
                    "81|event_description=Forgot UserID - Consumer",
                    "20|event_description=SSO BankLink Remote Deposit",
                    "1202|event_description=Wire Edit Transfer",
                    "1003|event_type=ACTIVATE_CARD",
                    "120|event_type=PAYMENT",
                    "27|client_defined_event_type=SSO_INFORMATION_REPORTING",
                    "610|client_defined_event_type=IBB_FIRST_INTRABANK",
                    "112|event_description=BAH Schedule non-owned Intrabank Transfer payment",
                    "705|event_type=CHANGE_PASSWORD",
                    "4|event_type=USER_DETAILS",
                    "753|event_description=IBB Activate New Card",
                    "33|event_description=SSO Open Accounts",
                    "609|event_type=PAYMENT",
                    "12|event_description=CTW Login",
                    "1101|event_description=ACH Create Repetitive Template",
                    "121|event_type=PAYMENT",
                    "701|event_description=IBB US Mail Address/ Phone #",
                    "6|event_description=SSO Admin console",
                    "6|event_type=CLIENT_DEFINED",
                    "26|event_description=SSO Image on Demand",
                    "79|event_type=CLIENT_DEFINED",
                    "9|event_description=Consumer Forgot User ID",
                    "22|event_description=SSO Close Accounts",
                    "752|event_type=REQUEST_NEW_CARD",
                    "18|client_defined_event_type=SSO_GLOBAL_TREASURY",
                    "36|client_defined_event_type=SSO_RECEIVABLES_LOCKBOX",
                    "10|client_defined_event_type=RESET_PASSWORD",
                    "33|client_defined_event_type=SSO_OPEN_ACCOUNTS",
                    "905|client_defined_event_type=IBB_REQUEST_WIRE",
                    "42|client_defined_event_type=SSO_ALL_FILE_DELIVERY",
                    "904|event_description=IBB Request First Wire",
                    "611|event_type=ADD_PAYEE",
                    "503|event_description=BAH Activate New Card",
                    "503|client_defined_event_type=BAH_NEW_CARD",
                    "72|client_defined_event_type=SSO_MOBILE_TOKEN_PROVISION_MONITOR",
                    "1217|event_description=Wire Delete Wire Template",
                    "613|client_defined_event_type=IBB_EDIT_PENDING_INTRABANK",
                    "402|event_description=BAH Submit Monitor Transaction",
                    "29|event_description=SSO Online Banking - SB",
                    "604|client_defined_event_type=IBB_SCHEDULE_NONMERCHANT",
                    "23|client_defined_event_type=SSO_ERS_REMOTE_DEPOSIT_SERVICES",
                    "904|event_type=CLIENT_DEFINED",
                    "60|event_description=SSO Global Liquidity",
                    "1203|event_type=PAYMENT",
                    "210|client_defined_event_type=BAH_VIEW_PHONE_NUMBERS",
                    "206|event_description=BAH Register OOB Phone",
                    "117|client_defined_event_type=BAH_SCHEDULE_INTERBANK_OIT",
                    "1214|event_description=Wire Online Batch Edit",
                    "133|event_type=USER_DETAILS",
                    "1106|event_description=ACH Approve Single Transaction",
                    "703|event_type=CHANGE_EMAIL",
                    "17|client_defined_event_type=SSO_REMOTE_CAPTURE",
                    "116|event_description=BAH Estab Addtnl Interbank-owned Trnsfr(OIT) Acct",
                    "203|event_type=CHANGE_EMAIL",
                    "131|event_description=BAH Additional Non Merchant Setup",
                    "46|event_description=SSO Enroll OOB Phone",
                    "1211|client_defined_event_type=WIRE_IMPORT_SUBMIT_BATCH",
                    "5001|client_defined_event_type=SSO_MONITOR",
                    "406|event_type=CLIENT_DEFINED",
                    "69|client_defined_event_type=SSO_TRADE_MANAGER_ACCESS",
                    "1002|event_type=REQUEST_NEW_CARD",
                    "47|event_type=CLIENT_DEFINED",
                    "802|client_defined_event_type=IBB_VIEW_ESTATEMENT",
                    "5001|event_type=CLIENT_DEFINED",
                    "401|client_defined_event_type=BAH_ADMIN_CONSOLE",
                    "68|client_defined_event_type=SSO_CHECK_MANAGER_ACCESS",
                    "910|event_type=CLIENT_DEFINED",
                    "1207|event_type=CLIENT_DEFINED",
                    "82|client_defined_event_type=FORGOT_USER_ID_IBB_NOPIN",
                    "615|event_description=IBB Estab 1st Interbank-owned-Transfer (OIT) Acct",
                    "134|event_description=BAH UCL View Statements",
                    "104|event_type=PAYMENT",
                    "1205|event_type=CLIENT_DEFINED",
                    "103|event_type=EDIT_PAYEE",
                    "909|client_defined_event_type=IBB_MAINTAIN_OBB_PHONE",
                    "607|event_type=ADD_PAYEE",
                    "28|client_defined_event_type=SSO_INSTATAX",
                    "114|event_type=USER_DETAILS",
                    "61|client_defined_event_type=SSO_REMOTE_DEPOSIT_CAPTURE",
                    "803|client_defined_event_type=IBB_VIEW_FULL_ACCOUNT_NUMBER",
                    "81|event_type=CLIENT_DEFINED",
                    "40|event_type=CLIENT_DEFINED",
                    "1204|event_description=Wire Create Wire Template",
                    "1215|event_description=Wire Online Batch Submit",
                    "106|event_type=ADD_PAYEE",
                    "35|event_type=CLIENT_DEFINED",
                    "1215|event_type=CLIENT_DEFINED",
                    "208|event_type=CLIENT_DEFINED",
                    "304|client_defined_event_type=BAH_ALERTS",
                    "39|client_defined_event_type=SSO_WEB_RETURN_ITEMS",
                    "117|event_type=PAYMENT",
                    "2|client_defined_event_type=SSO_CHANGE_PASSWORD",
                    "609|client_defined_event_type=IBB_EDIT_PENDING_INTERBANK",
                    "2|event_description=SSO Change Password",
                    "1103|event_type=CLIENT_DEFINED",
                    "310|client_defined_event_type=BAH_ACCESS_TAX_DOCUMENTS",
                    "608|client_defined_event_type=IBB_SCHEDULE_INTERBANK",
                    "70|client_defined_event_type=SSO_BTMU_CHANGE_LOGON_ID",
                    "1207|event_description=Wire Submit Batch Approval",
                    "308|client_defined_event_type=BAH_ENROLL_OOB_PHONE",
                    "209|event_description=BAH View Contact Information",
                    "210|event_description=BAH View Phone Numbers",
                    "204|event_description=BAH Change User ID",
                    "1216|client_defined_event_type=WIRE_ONLINE_BATCH_DELETE",
                    "130|client_defined_event_type=BAH_FIRST_NON_MERCHANT_SETUP",
                    "52|event_description=SSO Forced Change Phone Number",
                    "61|event_description=SSO Remote Deposit Capture",
                    "9|event_type=CLIENT_DEFINED",
                    "202|client_defined_event_type=BAH_CHANGE_ADDRESS_I",
                    "910|event_description=IBB Access Tax Document",
                    "32|event_type=CLIENT_DEFINED",
                    "135|event_type=CLIENT_DEFINED",
                    "111|event_type=ADD_PAYEE",
                    "307|event_type=PAYMENT",
                    "110|event_description=BAH Estab 1st non-owned Intrabank Trnsfr Acct",
                    "135|event_description=BAH ZELLE LAUNCH",
                    "116|event_type=ADD_PAYEE",
                    "908|event_description=IBB Enroll OOB Phone",
                    "6003|client_defined_event_type=SSO_WIRES_WO_APPROVAL",
                    "49|client_defined_event_type=SSO_REQUEST_CHANGE_PHONE",
                    "66|event_description=SSO iRemit Lockbox Service",
                    "18|event_type=CLIENT_DEFINED",
                    "612|event_description=IBB Schedule non-owned Intrabank Transfer payment",
                    "909|event_type=CLIENT_DEFINED",
                    "72|event_type=CLIENT_DEFINED",
                    "1103|event_description=ACH Create Payment",
                    "206|client_defined_event_type=BAH_REGISTER_OOB_PHONE",
                    "63|event_description=SSO FX Foreign Exchange Portal",
                    "305|client_defined_event_type=BAH_REQUEST_WIRE",
                    "611|event_description=IBB Estab Addtnl non-owned Intrabank Transfer Acct",
                    "113|event_description=BAH Edit non-owned Intrabank Transfer information",
                    "1102|client_defined_event_type=ACH_MODIFY_REPETATIVE_TEMPLATE",
                    "402|client_defined_event_type=BAH_MONITOR",
                    "1211|event_description=Wire Import Submit Batch",
                    "631|client_defined_event_type=IBB_ADDITIONAL_NON_MERCHANT_SETUP"
                ],
                "id": "mae_hrt_code_map"
            },
            "category": "string_list",
            "type": "dependency",
            "constraints": [
                {
                    "server_version": "6.1.3",
                    "type": "server_version"
                }
            ],
            "dependencies": []
        }
    ]
}