{
    "exports": [
        {
            "path": "tsasm:///string_lists/mae_userphones_url",
            "data": {
                "metadata": {
                    "created": 1644432991595,
                    "type": "string_list",
                    "updated": 1654876142660
                },
                "values": [
                    "pte=https://a4c-pte.unionbank.com/userphones/users",
                    "sandbox=https://a4c-dev2.unionbank.com/userphones/users",
                    "dut=https://a4c-tst2.unionbank.com/userphones/users",
                    "prod=https://a4c.unionbank.com/userphones/users",
                    "sit=???"
                ],
                "id": "mae_userphones_url"
            },
            "category": "string_list",
            "type": "dependency",
            "constraints": [
                {
                    "server_version": "6.1.3",
                    "type": "server_version"
                }
            ],
            "dependencies": []
        }
    ]
}