{
    "exports": [
        {
            "path": "tsasm:///string_lists/raa_org_name",
            "data": {
                "metadata": {
                    "created": 1635874977968,
                    "type": "string_list",
                    "updated": 1635874977968
                },
                "values": [
                    "sandbox=eubcp",
                    "dut=eubcp",
                    "sit=eubcp",
                    "pte=eubcp"
                ],
                "id": "raa_org_name"
            },
            "category": "string_list",
            "type": "dependency",
            "constraints": [
                {
                    "server_version": "6.1.3",
                    "type": "server_version"
                }
            ],
            "dependencies": []
        }
    ]
}