{
    "exports": [
        {
            "path": "tsasm:///string_lists/RSA_AA_Configuration",
            "data": {
                "metadata": {
                    "created": 1631742007074,
                    "type": "string_list",
                    "updated": 1635874995472
                },
                "values": [
                    "groupName=C",
                    "apiType=DIRECT_SOAP_API",
                    "version=6.5"
                ],
                "id": "RSA_AA_Configuration"
            },
            "category": "string_list",
            "type": "dependency",
            "constraints": [
                {
                    "server_version": "6.1.3",
                    "type": "server_version"
                }
            ],
            "dependencies": []
        }
    ]
}