{
    "exports": [
        {
            "path": "tsasm:///string_lists/tab_mobile_app_debug_user_list_login_post_auth",
            "data": {
                "metadata": {
                    "created": 1644345059197,
                    "type": "string_list",
                    "updated": 1644345059197
                },
                "values": [],
                "id": "tab_mobile_app_debug_user_list_login_post_auth"
            },
            "category": "string_list",
            "type": "dependency",
            "constraints": [
                {
                    "server_version": "6.1.3",
                    "type": "server_version"
                }
            ],
            "dependencies": []
        }
    ]
}